Referee,RefreeKey
Rob Harris,1
Graham Barber,2
Barry Knight,3
Andy D'Urso,4
Dermot Gallagher,5
Mike Riley,6
Paul Durkin,7
Steve Dunn,8
Alan Wiley,9
Steve Lodge,10
Graham Poll,11
Mark Halsey,12
Jeff Winter,13
Peter Jones,14
Andy Hall,15
David Ellaray,16
F Taylor,17
Rob Styles,18
Steve Bennett,19
Ian Harris,20
Paul Taylor,21
Neale Barry,22
Mike Dean,23
Roy Burton,24
Matt Messias,25
Clive Wilkes,26
Andy D'Urso ,27
Mark Halsey ,28
Steve Bennett ,29
N. S. Barry,30
P. A. Durkin,31
C. R. Wilkes ,32
R. Styles,33
J. T. Winter,34
G. P. Barber,35
G. Poll,36
D. J. Gallagher,37
A. P. D'Urso ,38
P. Jones ,39
D. R. Elleray ,40
J. T. Winter ,41
S. W. Dunn ,42
E. K. Wolstenholme ,43
A. G. Wiley ,44
B. Knight ,45
S. G. Bennett,46
U. D. Rennie,47
M. L Dean,48
P. A. Durkin ,49
G. P. Barber ,50
M. A. Riley ,51
G. Poll ,52
C. R. Wilkes,53
B. Knight,54
A. P. D'Urso,55
A. G. Wiley,56
D. Pugh,57
P.A. Durkin,58
A.G. Wiley,59
M. A. Riley,60
M. R. Halsey,61
S. W. Dunn,62
E. K. Wolstenholme,63
P. Jones,64
D. R. Elleray,65
M. L. Dean,66
J.T. Winter,67
M. D. Messias,68
P. Dowd,69
C. J. Foy,70
"Wiley, A. G.",71
"Elleray, D. R.",72
"Winter, J. T.",73
"Wolstenholme, E. K.",74
"Dunn, S. W.",75
"Knight, B.",76
"Riley, M. A.",77
"Rennie, U. D.",78
"Durkin, P. A.",79
"Barber, G. P.",80
"D'Urso, A. P.",81
"Wilkes, C. R.",82
"Bennett, S. G.",83
"Barry, N. S.",84
"Halsey, M. R.",85
"Jones, P.",86
"Poll, G.",87
"Pugh, D.",88
"Styles, R.",89
"Gallagher, D. J.",90
"Dean, M. L",91
"Messias, M. D.",92
"Styles, R",93
"Durkin, P.",94
"Foy, C. J.",95
"Dowd, P.",96
"Yates, N",97
D Elleray,98
G Barber,99
N Barry,100
A Wiley,101
G Poll,102
S Bennett,103
B Knight,104
M Riley,105
A D'Urso,106
P Durkin,107
D Gallagher,108
M Messias,109
J Winter,110
U Rennie,111
M Dean,112
R Styles,113
C Wilkes,114
S Dunn,115
D Pugh,116
E Wolstenholme,117
M Halsey,118
C Foy,119
P Dowd,120
R Martin,121
H Webb,122
P Walton,123
M Clattenburg,124
M Atkinson,125
P Crossley,126
A Marriner,127
R Beeby,128
I Williamson,129
L Mason,130
K Stroud,131
S Tanner,132
L Probert,133
D Gallagh,134
D Gallaghe,135
S Attwell,136
M Jones,137
K Friend,138
St Bennett,139
Mn Atkinson,140
A Taylor,141
M Oliver,142
N Swarbrick,143
J Moss,144
R East,145
C Pawson,146
R Madley,147
P Tierney,148
G Scott,149
S Hooper,150
C Kavanagh,151
D Coote,152
A Madley,153
O Langford,154
P Bankes,155
T Robinson,156
R Jones,157
S Scott,158
D England,159
A Moss,160
J Gillett,161
M Salisbury,162
J Brooks,163
T Harrington,164
T Bramall,165
D Bond,166
J Smith,167
S Barrott,168
R Welch,169
S Allison,170
L Smith,171
S Singh,172
J Gillett ,173
M Donohue,174
K Kavanagh,175
O Oliver,176
A Kitchen,177
D Webb,178
